EmployeeID,Age,YearsExperience,YearsAtCompany,Department,EducationLevel,PerformanceRating,MonthlyHoursWorked,MonthlySalary,PerformanceRating_missing
0001,44,26,13.0,Sales,Bachelor,4.0,160.0,167000.0,0
0002,38,18,0.0,Engineering,Bachelor,4.0,163.0,174000.0,0
0003,46,24,3.0,Sales,Master,5.0,159.0,223000.0,0
0004,55,31,12.0,Engineering,High School,1.0,148.0,125000.0,0
0005,37,17,11.0,HR,Bachelor,2.0,172.0,115000.0,0
0006,37,16,0.0,Operations,Bachelor,4.0,178.0,118000.0,0
0007,55,35,2.0,Engineering,High School,3.0,177.0,149000.0,0
0008,47,26,4.0,Operations,Master,3.0,182.0,151000.0,0
0009,35,16,0.0,Marketing,Bachelor,4.0,174.0,141000.0,0
0010,45,21,17.0,Sales,Bachelor,4.0,162.0,174000.0,0
0011,35,16,12.0,Engineering,High School,5.0,182.0,177000.0,0
0012,35,13,0.0,Marketing,Bachelor,5.0,149.0,163000.0,0
0013,42,24,0.0,HR,Bachelor,4.0,156.0,130000.0,0
0014,22,0,0.0,Finance,Master,3.0,155.0,130000.0,1
0015,22,4,4.0,Engineering,High School,4.0,170.0,129000.0,0
0016,34,12,1.0,Engineering,Bachelor,1.0,184.0,137000.0,0
0017,29,5,2.0,Sales,Bachelor,3.0,177.0,107000.0,0
0018,43,19,2.0,Sales,Master,4.0,186.0,199000.0,0
0019,30,7,4.0,Engineering,Bachelor,3.0,156.0,148000.0,0
0020,25,4,0.0,Sales,Master,3.0,175.0,117000.0,0
0021,54,33,1.0,HR,Master,2.0,168.0,128000.0,0
0022,37,13,13.0,Operations,Master,4.0,182.0,171000.0,0
0023,40,17,11.0,Sales,Bachelor,3.0,168.0,121000.0,1
0024,25,7,7.0,Operations,Bachelor,4.0,164.0,114000.0,0
0025,34,16,0.0,Sales,Master,3.0,178.0,140000.0,0
0026,41,20,1.0,Marketing,PhD,4.0,183.0,205000.0,0
0027,28,6,4.0,Engineering,Master,4.0,170.0,188000.0,0
0028,43,21,1.0,Finance,Bachelor,3.0,169.0,158000.0,0
0029,33,12,12.0,Operations,Bachelor,3.0,154.0,110000.0,0
0030,37,11,5.0,Finance,Bachelor,3.0,140.0,136000.0,0
0031,33,10,0.0,Sales,Master,5.0,173.0,206000.0,0
0032,58,30,11.0,Finance,Bachelor,4.0,179.0,224000.0,0
0033,39,18,15.0,Engineering,Bachelor,5.0,173.0,239000.0,0
0034,29,8,0.0,Operations,Master,3.0,140.0,122000.0,0
0035,48,24,3.0,Marketing,Bachelor,4.0,164.0,143000.0,0
0036,27,9,1.0,Sales,Master,4.0,140.0,155000.0,0
0037,42,16,2.0,Marketing,Bachelor,3.0,190.0,139000.0,1
0038,22,0,0.0,Finance,Bachelor,3.0,153.0,147000.0,1
0039,26,4,4.0,Engineering,Bachelor,3.0,188.0,144000.0,0
0040,41,22,15.0,Finance,Master,2.0,184.0,213000.0,0
0041,47,29,3.0,Engineering,High School,4.0,156.0,154000.0,0
0042,41,17,0.0,Finance,Bachelor,4.0,153.0,162000.0,0
0043,38,19,4.0,HR,PhD,3.0,175.0,163000.0,1
0044,36,13,2.0,HR,Bachelor,3.0,157.0,96000.0,0
0045,25,2,2.0,Marketing,Bachelor,3.0,171.0,94000.0,0
0046,32,12,2.0,Marketing,Bachelor,3.0,162.0,104000.0,0
0047,35,14,1.0,Engineering,Bachelor,3.0,170.0,151000.0,0
0048,50,23,1.0,HR,Master,4.0,140.0,169000.0,0
0049,43,25,7.0,Sales,Bachelor,4.0,173.0,173000.0,0
0050,22,4,1.0,Marketing,Bachelor,3.0,161.0,95000.0,0
0051,43,19,7.0,Sales,Bachelor,3.0,161.0,138000.0,0
0052,36,15,1.0,Engineering,Master,3.0,180.0,209000.0,0
0053,33,12,1.0,Finance,High School,2.0,170.0,113000.0,0
0054,46,24,3.0,Engineering,Bachelor,4.0,165.0,195000.0,0
0055,50,26,14.0,Finance,Bachelor,5.0,164.0,226000.0,0
0056,49,24,13.0,Sales,Bachelor,3.0,177.0,154000.0,0
0057,31,8,1.0,Engineering,Bachelor,4.0,149.0,167000.0,0
0058,36,17,2.0,Marketing,Bachelor,4.0,173.0,135000.0,0
0059,43,22,0.0,Engineering,Master,4.0,178.0,237000.0,0
0060,49,25,3.0,Sales,Bachelor,2.0,180.0,129000.0,0
0061,35,15,3.0,Finance,PhD,5.0,140.0,290000.0,0
0062,38,7,7.0,Engineering,PhD,3.0,158.0,183000.0,0
0063,28,9,9.0,HR,Bachelor,3.0,156.0,103000.0,0
0064,28,0,0.0,Engineering,High School,2.0,171.0,96000.0,0
0065,48,24,3.0,Engineering,Bachelor,3.0,177.0,169000.0,0
0066,53,27,11.0,Finance,Master,2.0,192.0,206000.0,0
0067,39,13,8.0,Sales,Bachelor,3.0,162.0,123000.0,0
0068,50,31,0.0,Engineering,High School,3.0,162.0,136000.0,0
0069,43,19,1.0,Sales,Bachelor,4.0,187.0,153000.0,0
0070,33,12,2.0,Sales,Master,4.0,174.0,158000.0,0
0071,43,20,1.0,HR,Master,3.0,189.0,151000.0,0
0072,55,34,1.0,Sales,Bachelor,4.0,174.0,162000.0,0
0073,39,17,0.0,HR,Master,4.0,152.0,146000.0,0
0074,55,29,5.0,Operations,Bachelor,4.0,150.0,141000.0,0
0075,22,2,2.0,Sales,Bachelor,2.0,146.0,96000.0,0
0076,48,24,0.0,Operations,Master,4.0,179.0,165000.0,0
0077,40,13,1.0,Sales,Bachelor,5.0,187.0,151000.0,0
0078,37,13,8.0,Operations,Bachelor,4.0,197.0,138000.0,0
0079,40,22,9.0,Engineering,High School,3.0,182.0,144000.0,0
0080,22,2,2.0,Finance,Master,3.0,187.0,144000.0,0
0081,37,13,2.0,Marketing,Master,4.0,161.0,176000.0,0
0082,43,19,2.0,Sales,Master,3.0,170.0,188000.0,0
0083,54,31,1.0,Finance,Master,2.0,182.0,182000.0,0
0084,34,16,1.0,Finance,Bachelor,3.0,176.0,136000.0,0
0085,31,10,1.0,Engineering,Bachelor,4.0,171.0,179000.0,0
0086,34,13,0.0,Engineering,Bachelor,4.0,175.0,163000.0,0
0087,49,30,2.0,Finance,High School,2.0,174.0,118000.0,0
0088,43,21,12.0,Finance,Bachelor,5.0,189.0,241000.0,0
0089,34,11,4.0,Operations,PhD,3.0,189.0,164000.0,0
0090,45,22,2.0,HR,High School,4.0,178.0,113000.0,0
0091,40,17,13.0,Operations,Bachelor,4.0,182.0,143000.0,0
0092,49,26,0.0,Finance,Bachelor,4.0,177.0,187000.0,0
0093,32,12,1.0,Sales,Bachelor,5.0,163.0,154000.0,0
0094,36,14,2.0,Engineering,PhD,3.0,181.0,234000.0,0
0095,36,16,4.0,HR,Bachelor,3.0,149.0,129000.0,1
0096,25,2,0.0,Finance,Bachelor,2.0,185.0,119000.0,0
0097,42,20,2.0,Engineering,Master,4.0,152.0,245000.0,0
0098,42,14,5.0,Sales,Bachelor,4.0,174.0,151000.0,0
0099,40,20,5.0,Operations,Bachelor,4.0,157.0,135000.0,0
0100,37,16,5.0,Marketing,Bachelor,3.0,178.0,128000.0,0
0101,25,5,1.0,Sales,Bachelor,4.0,169.0,120000.0,0
0102,35,4,0.0,Marketing,PhD,2.0,146.0,122000.0,0
0103,36,18,2.0,Engineering,Master,2.0,176.0,187000.0,0
0104,31,8,0.0,Sales,Bachelor,4.0,161.0,126000.0,0
0105,38,19,14.0,Sales,Master,3.0,183.0,189000.0,0
0106,44,18,3.0,Engineering,Bachelor,4.0,170.0,191000.0,0
0107,58,37,1.0,HR,High School,3.0,175.0,88000.0,0
0108,41,15,7.0,Sales,Bachelor,2.0,155.0,124000.0,0
0109,42,18,3.0,HR,Bachelor,4.0,161.0,132000.0,0
0110,39,21,1.0,Operations,Bachelor,3.0,163.0,116000.0,0
0111,22,0,0.0,Engineering,Master,3.0,170.0,145000.0,1
0112,39,17,10.0,Finance,PhD,4.0,195.0,299000.0,0
0113,40,20,5.0,Marketing,Bachelor,3.0,157.0,125000.0,0
0114,64,43,0.0,Operations,Bachelor,4.0,186.0,130000.0,0
0115,38,16,4.0,Engineering,High School,3.0,140.0,124000.0,0
0116,43,22,7.0,Finance,High School,4.0,170.0,160000.0,0
0117,39,21,2.0,Finance,Bachelor,4.0,155.0,194000.0,0
0118,28,5,1.0,Sales,Bachelor,4.0,149.0,118000.0,0
0119,51,29,10.0,Engineering,Master,2.0,146.0,206000.0,0
0120,47,28,0.0,Finance,Bachelor,4.0,176.0,198000.0,0
0121,47,28,6.0,Finance,High School,4.0,166.0,158000.0,0
0122,30,11,3.0,Sales,Bachelor,4.0,175.0,141000.0,0
0123,54,33,2.0,Finance,Bachelor,3.0,180.0,154000.0,0
0124,25,0,0.0,Sales,High School,4.0,173.0,90000.0,0
0125,45,27,8.0,Finance,Master,4.0,179.0,228000.0,0
0126,61,35,2.0,Engineering,High School,2.0,168.0,123000.0,0
0127,30,8,3.0,Operations,Master,3.0,152.0,114000.0,1
0128,34,9,5.0,Sales,Bachelor,4.0,185.0,133000.0,0
0129,40,17,6.0,Sales,Bachelor,1.0,161.0,112000.0,0
0130,34,12,12.0,Engineering,Bachelor,5.0,155.0,207000.0,0
0131,24,2,2.0,Engineering,Master,4.0,167.0,183000.0,0
0132,40,19,2.0,Marketing,Bachelor,4.0,156.0,150000.0,0
0133,29,11,11.0,Sales,Master,3.0,163.0,138000.0,0
0134,44,23,5.0,HR,High School,3.0,175.0,102000.0,0
0135,30,7,1.0,Engineering,Master,5.0,175.0,216000.0,0
0136,55,35,0.0,Sales,Bachelor,3.0,156.0,137000.0,0
0137,32,13,9.0,Sales,Master,4.0,162.0,177000.0,0
0138,36,10,2.0,Engineering,Bachelor,3.0,186.0,149000.0,0
0139,48,27,2.0,Engineering,PhD,2.0,177.0,241000.0,0
0140,27,7,3.0,Sales,Bachelor,1.0,201.0,103000.0,0
0141,42,19,1.0,Marketing,High School,3.0,187.0,94000.0,0
0142,53,35,4.0,Sales,High School,5.0,187.0,156000.0,0
0143,23,0,0.0,Marketing,Master,3.0,149.0,111000.0,0
0144,41,19,2.0,Marketing,Bachelor,3.0,181.0,130000.0,0
0145,42,19,3.0,Engineering,Master,3.0,169.0,228000.0,0
0146,47,25,2.0,Marketing,Bachelor,3.0,161.0,122000.0,0
0147,27,1,1.0,Operations,Bachelor,3.0,172.0,89000.0,0
0148,26,0,0.0,Marketing,High School,4.0,184.0,82000.0,0
0149,45,27,7.0,Finance,PhD,3.0,177.0,262000.0,0
0150,42,17,0.0,Sales,Master,3.0,156.0,151000.0,0
0151,42,17,1.0,HR,PhD,2.0,181.0,151000.0,0
0152,43,14,3.0,HR,Bachelor,3.0,160.0,154000.0,1
0153,33,9,2.0,Marketing,Master,3.0,173.0,133000.0,0
0154,42,16,9.0,Operations,Master,2.0,165.0,124000.0,0
0155,42,24,9.0,Engineering,Bachelor,3.0,166.0,204000.0,1
0156,32,13,1.0,Engineering,Master,3.0,181.0,191000.0,0
0157,58,33,2.0,HR,PhD,3.0,154.0,179000.0,0
0158,44,26,3.0,HR,Master,3.0,199.0,147000.0,1
0159,28,8,0.0,Engineering,Master,4.0,170.0,203000.0,0
0160,46,23,0.0,Sales,Bachelor,2.0,161.0,116000.0,0
0161,30,0,0.0,Engineering,Bachelor,4.0,175.0,136000.0,0
0162,47,29,1.0,Sales,PhD,4.0,178.0,220000.0,0
0163,51,24,1.0,HR,High School,3.0,168.0,92000.0,0
0164,31,4,0.0,Marketing,Master,3.0,169.0,115000.0,0
0165,49,30,13.0,Sales,Master,3.0,176.0,187000.0,0
0166,44,26,4.0,Sales,Master,4.0,166.0,185000.0,0
0167,48,30,5.0,Engineering,PhD,3.0,190.0,261000.0,0
0168,58,37,2.0,Sales,Bachelor,3.0,182.0,150000.0,1
0169,37,16,2.0,Finance,Bachelor,3.0,183.0,148000.0,0
0170,32,12,4.0,Operations,High School,5.0,155.0,113000.0,0
0171,31,11,0.0,HR,Bachelor,3.0,168.0,99000.0,0
0172,31,9,1.0,Engineering,Bachelor,5.0,165.0,190000.0,0
0173,39,17,8.0,Operations,Bachelor,3.0,154.0,118000.0,0
0174,43,20,7.0,HR,Master,2.0,175.0,141000.0,0
0175,42,17,2.0,HR,PhD,3.0,161.0,157000.0,0
0176,48,25,2.0,Marketing,Bachelor,3.0,179.0,135000.0,0
0177,40,12,3.0,Sales,Bachelor,3.0,153.0,113000.0,0
0178,54,31,0.0,Sales,PhD,1.0,195.0,160000.0,0
0179,37,12,1.0,Engineering,High School,5.0,156.0,183000.0,0
0180,65,39,1.0,Engineering,High School,4.0,173.0,148000.0,0
0181,46,24,2.0,Engineering,Bachelor,4.0,181.0,184000.0,0
0182,31,13,8.0,Marketing,Bachelor,2.0,161.0,117000.0,0
0183,29,9,1.0,Finance,Bachelor,2.0,182.0,117000.0,0
0184,44,17,1.0,Marketing,PhD,2.0,151.0,160000.0,0
0185,37,12,3.0,Engineering,Bachelor,4.0,191.0,199000.0,0
0186,47,27,10.0,Operations,Bachelor,5.0,170.0,157000.0,0
0187,44,19,1.0,Operations,Bachelor,3.0,161.0,102000.0,0
0188,39,16,0.0,HR,Bachelor,2.0,165.0,95000.0,0
0189,31,10,2.0,Operations,Master,3.0,182.0,127000.0,0
0190,24,0,0.0,Marketing,Master,3.0,161.0,111000.0,0
0191,35,13,4.0,Operations,Master,3.0,158.0,124000.0,0
0192,48,21,8.0,Engineering,Bachelor,4.0,166.0,215000.0,0
0193,42,18,16.0,Sales,PhD,4.0,152.0,262000.0,0
0194,27,5,5.0,Engineering,Master,3.0,197.0,177000.0,1
0195,41,14,4.0,Engineering,Master,1.0,161.0,159000.0,0
0196,43,22,3.0,Engineering,High School,5.0,182.0,167000.0,0
0197,31,8,0.0,Finance,High School,3.0,170.0,101000.0,0
0198,41,20,20.0,HR,Bachelor,2.0,170.0,127000.0,0
0199,40,18,2.0,Marketing,Master,2.0,169.0,138000.0,0
0200,28,10,0.0,Engineering,Bachelor,1.0,181.0,123000.0,0
0201,43,21,5.0,HR,Bachelor,3.0,167.0,127000.0,1
0202,45,21,1.0,Finance,Master,4.0,187.0,240000.0,0
0203,50,28,4.0,Sales,Master,3.0,185.0,166000.0,0
0204,50,29,4.0,Finance,PhD,3.0,183.0,255000.0,0
0205,26,4,2.0,Sales,Bachelor,4.0,163.0,121000.0,0
0206,30,8,8.0,Sales,Master,3.0,153.0,141000.0,0
0207,45,20,1.0,Operations,Bachelor,4.0,170.0,138000.0,0
0208,45,21,2.0,Sales,Bachelor,4.0,172.0,156000.0,0
0209,45,18,3.0,Marketing,Bachelor,1.0,178.0,117000.0,0
0210,65,47,5.0,Operations,Bachelor,4.0,140.0,127000.0,0
0211,45,19,7.0,Finance,Bachelor,3.0,169.0,163000.0,0
0212,51,26,2.0,Engineering,Master,5.0,172.0,276000.0,0
0213,49,24,5.0,Engineering,High School,3.0,165.0,143000.0,0
0214,46,26,0.0,Engineering,Master,5.0,189.0,295000.0,0
0215,36,13,13.0,Finance,Bachelor,4.0,176.0,187000.0,0
0216,47,28,2.0,Sales,Bachelor,3.0,189.0,128000.0,0
0217,32,7,6.0,Engineering,Bachelor,3.0,166.0,150000.0,0
0218,37,15,0.0,Operations,Bachelor,5.0,184.0,152000.0,0
0219,35,10,1.0,Marketing,Bachelor,4.0,194.0,114000.0,0
0220,40,22,3.0,Engineering,Bachelor,2.0,189.0,167000.0,0
0221,63,37,10.0,Marketing,Bachelor,4.0,153.0,143000.0,0
0222,22,0,0.0,Finance,High School,3.0,166.0,88000.0,0
0223,46,25,13.0,Engineering,Bachelor,1.0,164.0,153000.0,0
0224,23,2,2.0,Sales,PhD,3.0,177.0,152000.0,0
0225,35,12,3.0,HR,Bachelor,3.0,180.0,106000.0,0
0226,50,27,0.0,Marketing,Master,3.0,170.0,158000.0,1
0227,40,18,8.0,Marketing,Master,3.0,171.0,163000.0,0
0228,29,6,1.0,Sales,PhD,4.0,140.0,163000.0,0
0229,32,12,11.0,Engineering,Master,1.0,191.0,175000.0,0
0230,46,28,12.0,Engineering,Bachelor,3.0,162.0,179000.0,0
0231,32,8,8.0,Sales,Master,3.0,170.0,140000.0,0
0232,42,15,3.0,Engineering,Master,3.0,170.0,197000.0,0
0233,40,17,5.0,Engineering,Bachelor,2.0,187.0,167000.0,0
0234,33,15,7.0,HR,Bachelor,2.0,140.0,115000.0,0
0235,61,36,0.0,Operations,High School,3.0,169.0,91000.0,0
0236,46,28,4.0,HR,Master,3.0,168.0,145000.0,0
0237,22,4,0.0,Operations,Master,3.0,163.0,103000.0,0
0238,41,17,3.0,Engineering,High School,3.0,195.0,137000.0,0
0239,33,12,0.0,Operations,Bachelor,4.0,156.0,118000.0,0
0240,48,30,1.0,Engineering,Bachelor,5.0,181.0,230000.0,0
0241,32,8,2.0,Operations,High School,3.0,175.0,71000.0,0
0242,38,15,2.0,Operations,PhD,3.0,188.0,162000.0,0
0243,45,21,4.0,Finance,Bachelor,2.0,159.0,158000.0,0
0244,48,22,0.0,Operations,High School,5.0,159.0,119000.0,0
0245,27,3,3.0,Marketing,Bachelor,2.0,186.0,87000.0,0
0246,36,10,1.0,Sales,Master,3.0,176.0,149000.0,0
0247,35,13,4.0,Sales,High School,3.0,146.0,101000.0,0
0248,33,8,5.0,Marketing,Master,3.0,161.0,127000.0,0
0249,57,35,4.0,Engineering,Bachelor,2.0,175.0,157000.0,0
0250,44,17,6.0,Finance,High School,4.0,182.0,144000.0,0
0251,27,5,2.0,Operations,Bachelor,2.0,159.0,92000.0,0
0252,49,29,7.0,Engineering,Bachelor,4.0,140.0,206000.0,0
0253,61,33,2.0,HR,Bachelor,2.0,177.0,109000.0,0
0254,50,29,3.0,Operations,PhD,2.0,170.0,164000.0,0
0255,24,5,5.0,Operations,Master,5.0,140.0,146000.0,0
0256,35,9,0.0,Operations,PhD,2.0,140.0,141000.0,0
0257,52,34,5.0,Marketing,Bachelor,4.0,182.0,161000.0,0
0258,32,11,4.0,Operations,PhD,3.0,171.0,147000.0,0
0259,44,19,1.0,HR,Bachelor,2.0,166.0,105000.0,0
0260,47,24,0.0,Engineering,Bachelor,5.0,190.0,201000.0,0
0261,30,9,0.0,Marketing,High School,3.0,179.0,78000.0,0
0262,39,17,12.0,Finance,High School,4.0,194.0,150000.0,0
0263,22,1,1.0,Engineering,Master,2.0,149.0,140000.0,0
0264,29,4,0.0,Finance,Bachelor,4.0,169.0,139000.0,0
0265,37,15,2.0,Finance,Bachelor,1.0,145.0,118000.0,0
0266,27,0,0.0,Engineering,Master,3.0,166.0,141000.0,0
0267,56,33,9.0,Marketing,Bachelor,3.0,166.0,158000.0,1
0268,25,0,0.0,HR,Bachelor,5.0,179.0,115000.0,0
0269,35,10,1.0,Marketing,Bachelor,5.0,170.0,131000.0,0
0270,41,22,11.0,Engineering,Master,4.0,179.0,258000.0,0
0271,54,35,0.0,Engineering,Master,4.0,180.0,218000.0,0
0272,25,4,1.0,Sales,Bachelor,2.0,202.0,106000.0,0
0273,51,25,15.0,Operations,Bachelor,3.0,165.0,137000.0,0
0274,40,17,4.0,Engineering,Bachelor,3.0,155.0,158000.0,0
0275,30,11,1.0,Finance,Master,3.0,173.0,162000.0,0
0276,44,22,0.0,Engineering,Bachelor,3.0,157.0,162000.0,0
0277,41,23,0.0,Sales,Bachelor,3.0,192.0,120000.0,0
0278,33,12,1.0,HR,High School,2.0,165.0,79000.0,0
0279,40,18,10.0,Finance,Bachelor,4.0,161.0,191000.0,0
0280,36,13,2.0,Engineering,Bachelor,2.0,162.0,152000.0,0
0281,41,19,6.0,Sales,Master,3.0,180.0,159000.0,0
0282,46,23,12.0,Engineering,Bachelor,3.0,167.0,182000.0,0
0283,55,35,2.0,Marketing,Bachelor,4.0,160.0,133000.0,0
0284,27,7,1.0,Finance,Master,4.0,194.0,176000.0,0
0285,61,36,3.0,Engineering,Master,4.0,157.0,222000.0,0
0286,22,0,0.0,Sales,Bachelor,2.0,170.0,94000.0,0
0287,38,10,8.0,Sales,Bachelor,3.0,179.0,119000.0,0
0288,45,24,0.0,Operations,Bachelor,2.0,145.0,109000.0,0
0289,42,16,5.0,Operations,PhD,3.0,170.0,162000.0,0
0290,33,4,4.0,Engineering,High School,3.0,154.0,100000.0,0
0291,37,16,11.0,HR,PhD,1.0,182.0,148000.0,0
0292,35,17,0.0,Sales,Master,3.0,155.0,155000.0,0
0293,34,11,3.0,Sales,Bachelor,5.0,170.0,152000.0,0
0294,48,28,10.0,HR,High School,5.0,186.0,144000.0,0
0295,43,21,2.0,Operations,Bachelor,3.0,182.0,114000.0,0
0296,33,10,3.0,Operations,Bachelor,1.0,173.0,84000.0,0
0297,48,28,0.0,Marketing,Bachelor,2.0,166.0,120000.0,0
0298,43,20,2.0,Sales,Master,3.0,161.0,154000.0,0
0299,48,26,2.0,HR,PhD,5.0,192.0,231000.0,0
0300,46,24,14.0,Sales,Bachelor,2.0,159.0,140000.0,0
0301,31,6,1.0,Marketing,Master,4.0,154.0,137000.0,0
0302,34,14,2.0,Sales,High School,2.0,179.0,84000.0,0
0303,47,24,5.0,Finance,Bachelor,5.0,158.0,203000.0,0
0304,46,21,0.0,Engineering,High School,3.0,155.0,137000.0,0
0305,39,18,3.0,Engineering,Master,4.0,148.0,241000.0,0
0306,41,16,6.0,Operations,PhD,3.0,162.0,157000.0,0
0307,52,30,10.0,Engineering,Master,4.0,168.0,251000.0,0
0308,34,11,4.0,Marketing,High School,2.0,173.0,87000.0,0
0309,45,26,5.0,Engineering,Bachelor,2.0,184.0,176000.0,0
0310,37,16,0.0,Engineering,Bachelor,5.0,177.0,193000.0,0
0311,37,14,14.0,Engineering,Bachelor,5.0,167.0,225000.0,0
0312,50,30,0.0,Engineering,Master,4.0,167.0,227000.0,0
0313,48,30,7.0,Operations,Master,4.0,177.0,177000.0,0
0314,48,27,1.0,Sales,Master,4.0,189.0,212000.0,0
0315,53,31,13.0,Operations,Bachelor,2.0,171.0,122000.0,0
0316,40,14,6.0,Marketing,Bachelor,3.0,162.0,111000.0,0
0317,46,20,7.0,Sales,High School,3.0,155.0,115000.0,0
0318,36,13,1.0,Marketing,Bachelor,4.0,148.0,137000.0,0
0319,43,19,2.0,Marketing,Bachelor,3.0,179.0,126000.0,0
0320,38,15,4.0,HR,Master,2.0,178.0,122000.0,0
0321,40,18,7.0,Sales,Master,3.0,178.0,175000.0,0
0322,45,24,0.0,Sales,High School,4.0,168.0,126000.0,0
0323,31,8,8.0,Operations,Bachelor,3.0,191.0,100000.0,0
0324,60,39,11.0,Operations,Bachelor,2.0,162.0,122000.0,0
0325,29,7,1.0,Operations,Bachelor,2.0,184.0,96000.0,0
0326,27,0,0.0,Sales,Master,3.0,169.0,120000.0,0
0327,51,26,3.0,HR,High School,3.0,160.0,93000.0,0
0328,47,24,3.0,Marketing,Bachelor,4.0,178.0,145000.0,0
0329,46,20,1.0,Marketing,Bachelor,4.0,176.0,153000.0,0
0330,46,25,4.0,Engineering,Master,4.0,175.0,228000.0,0
0331,39,21,6.0,Marketing,Bachelor,3.0,170.0,134000.0,0
0332,31,12,2.0,Engineering,Bachelor,4.0,169.0,162000.0,0
0333,40,17,4.0,Sales,Bachelor,3.0,205.0,144000.0,0
0334,33,15,6.0,Operations,Master,3.0,187.0,136000.0,0
0335,49,27,6.0,Engineering,PhD,4.0,180.0,317000.0,0
0336,38,14,0.0,Engineering,Bachelor,2.0,171.0,150000.0,0
0337,31,7,7.0,Engineering,Master,2.0,185.0,159000.0,0
0338,36,13,3.0,Operations,PhD,4.0,177.0,190000.0,0
0339,44,20,1.0,Marketing,PhD,3.0,170.0,194000.0,0
0340,34,12,1.0,Sales,Master,4.0,165.0,170000.0,0
0341,31,9,2.0,HR,Master,1.0,168.0,98000.0,0
0342,42,20,10.0,HR,Bachelor,4.0,140.0,142000.0,0
0343,42,21,2.0,Sales,Master,3.0,173.0,164000.0,0
0344,34,15,6.0,Finance,Bachelor,2.0,162.0,142000.0,0
0345,35,15,0.0,HR,Master,4.0,193.0,163000.0,0
0346,42,15,3.0,Finance,Bachelor,3.0,170.0,153000.0,0
0347,25,0,0.0,Engineering,Master,3.0,152.0,123000.0,0
0348,25,5,2.0,Operations,Master,2.0,169.0,110000.0,0
0349,32,5,1.0,Marketing,High School,2.0,154.0,73000.0,0
0350,37,14,3.0,Sales,Master,3.0,177.0,150000.0,0
0351,43,17,1.0,Sales,Bachelor,2.0,170.0,120000.0,0
0352,54,26,2.0,Engineering,Master,5.0,184.0,293000.0,0
0353,48,27,7.0,Engineering,Bachelor,1.0,158.0,160000.0,0
0354,38,18,7.0,HR,Bachelor,3.0,170.0,121000.0,0
0355,39,15,1.0,Engineering,PhD,2.0,170.0,210000.0,0
0356,29,0,0.0,Sales,Bachelor,3.0,180.0,95000.0,0
0357,39,15,4.0,Marketing,Master,5.0,177.0,195000.0,0
0358,37,16,2.0,Engineering,Bachelor,2.0,177.0,148000.0,0
0359,43,16,3.0,Operations,Bachelor,5.0,170.0,155000.0,0
0360,31,9,4.0,Engineering,Bachelor,3.0,176.0,151000.0,0
0361,45,22,4.0,Sales,Bachelor,3.0,194.0,175000.0,1
0362,55,34,3.0,Sales,Bachelor,3.0,165.0,144000.0,0
0363,38,16,3.0,Engineering,High School,4.0,172.0,145000.0,0
0364,44,19,2.0,Engineering,Bachelor,3.0,153.0,171000.0,0
0365,46,27,8.0,Finance,High School,3.0,156.0,130000.0,0
0366,35,12,3.0,Operations,PhD,2.0,171.0,149000.0,0
0367,42,19,0.0,Engineering,PhD,2.0,186.0,224000.0,0
0368,40,15,7.0,Finance,Bachelor,5.0,170.0,202000.0,0
0369,40,16,13.0,Finance,Master,3.0,166.0,205000.0,0
0370,32,7,7.0,HR,Bachelor,3.0,163.0,86000.0,0
0371,40,17,2.0,Sales,Master,4.0,161.0,162000.0,0
0372,44,26,0.0,Sales,Master,3.0,174.0,158000.0,0
0373,54,27,3.0,Sales,PhD,5.0,147.0,264000.0,0
0374,49,22,0.0,Finance,Bachelor,4.0,189.0,183000.0,0
0375,61,43,13.0,HR,Master,3.0,160.0,142000.0,0
0376,32,9,1.0,Engineering,Bachelor,4.0,180.0,159000.0,0
0377,48,23,1.0,Sales,PhD,1.0,150.0,165000.0,0
0378,41,22,2.0,Operations,High School,3.0,180.0,97000.0,0
0379,61,37,2.0,HR,Master,3.0,180.0,142000.0,0
0380,31,13,7.0,Operations,Master,3.0,175.0,141000.0,0
0381,31,11,3.0,HR,Master,4.0,155.0,144000.0,0
0382,34,10,0.0,Sales,High School,5.0,173.0,118000.0,0
0383,22,4,1.0,Marketing,PhD,3.0,152.0,136000.0,0
0384,34,10,3.0,Finance,Bachelor,3.0,166.0,130000.0,0
0385,32,12,0.0,Engineering,Master,5.0,185.0,243000.0,0
0386,41,19,4.0,Marketing,Bachelor,3.0,181.0,135000.0,0
0387,43,24,4.0,Finance,Bachelor,3.0,170.0,171000.0,1
0388,58,40,6.0,Engineering,Bachelor,3.0,155.0,189000.0,0
0389,49,27,2.0,HR,Bachelor,3.0,179.0,174000.0,1
0390,34,9,9.0,Marketing,Bachelor,3.0,170.0,121000.0,0
0391,31,10,10.0,Operations,Bachelor,4.0,140.0,122000.0,0
0392,44,19,1.0,Engineering,Bachelor,4.0,181.0,209000.0,0
0393,26,8,0.0,Sales,Master,3.0,169.0,132000.0,0
0394,58,36,2.0,Finance,Master,3.0,188.0,203000.0,1
0395,51,27,11.0,Sales,High School,4.0,153.0,144000.0,0
0396,35,13,13.0,Finance,Bachelor,3.0,140.0,159000.0,0
0397,22,0,0.0,HR,High School,4.0,174.0,77000.0,0
0398,53,28,0.0,Engineering,High School,5.0,174.0,194000.0,0
0399,38,19,14.0,Marketing,Master,4.0,144.0,189000.0,0
0400,52,28,2.0,Marketing,Master,4.0,155.0,161000.0,0
0401,24,0,0.0,Sales,Bachelor,4.0,211.0,125000.0,0
0402,34,13,2.0,Operations,Bachelor,3.0,165.0,118000.0,1
0403,40,21,0.0,HR,High School,3.0,180.0,94000.0,1
0404,40,20,3.0,Finance,Master,3.0,160.0,196000.0,1
0405,35,15,2.0,Finance,PhD,3.0,140.0,208000.0,0
0406,46,21,3.0,Marketing,High School,4.0,167.0,111000.0,0
0407,29,2,2.0,Operations,Bachelor,3.0,166.0,88000.0,0
0408,38,20,10.0,Finance,Master,4.0,164.0,219000.0,0
0409,41,18,5.0,Finance,PhD,3.0,168.0,230000.0,0
0410,45,22,2.0,Operations,Bachelor,4.0,173.0,137000.0,0
0411,47,28,8.0,Sales,High School,2.0,167.0,107000.0,0
0412,28,7,7.0,HR,High School,4.0,151.0,84000.0,0
0413,24,3,0.0,Engineering,Bachelor,3.0,170.0,138000.0,0
0414,52,34,3.0,Sales,Bachelor,3.0,140.0,136000.0,0
0415,43,19,1.0,Sales,High School,3.0,140.0,112000.0,0
0416,32,12,0.0,Operations,Bachelor,4.0,181.0,117000.0,0
0417,55,33,5.0,Operations,High School,3.0,177.0,93000.0,0
0418,41,19,9.0,Finance,Master,3.0,169.0,208000.0,0
0419,51,33,0.0,Finance,Bachelor,5.0,149.0,210000.0,0
0420,40,19,8.0,Marketing,High School,4.0,159.0,113000.0,0
0421,60,39,9.0,Operations,Bachelor,5.0,166.0,181000.0,0
0422,57,38,12.0,Marketing,Bachelor,3.0,146.0,133000.0,0
0423,37,13,1.0,Sales,PhD,3.0,158.0,156000.0,0
0424,49,24,11.0,Engineering,Bachelor,4.0,170.0,231000.0,0
0425,46,20,1.0,HR,Bachelor,3.0,191.0,115000.0,0
0426,53,25,4.0,Finance,Master,4.0,163.0,220000.0,0
0427,30,12,0.0,Sales,Bachelor,3.0,181.0,108000.0,0
0428,46,20,0.0,Engineering,PhD,3.0,141.0,260000.0,0
0429,50,27,6.0,HR,Bachelor,2.0,179.0,109000.0,0
0430,22,0,0.0,Engineering,Bachelor,3.0,157.0,119000.0,0
0431,28,6,1.0,Finance,High School,1.0,174.0,92000.0,0
0432,22,2,1.0,Operations,Bachelor,3.0,166.0,75000.0,1
0433,37,17,5.0,Sales,Master,5.0,189.0,219000.0,0
0434,47,23,0.0,Engineering,Master,3.0,156.0,183000.0,0
0435,55,32,8.0,Finance,Bachelor,4.0,179.0,191000.0,0
0436,40,18,0.0,HR,Bachelor,4.0,165.0,129000.0,0
0437,56,33,1.0,Marketing,Master,3.0,167.0,144000.0,0
0438,26,8,2.0,Operations,PhD,2.0,167.0,134000.0,0
0439,22,1,1.0,Engineering,High School,4.0,157.0,116000.0,0
0440,39,19,2.0,Marketing,Bachelor,4.0,169.0,150000.0,0
0441,43,22,2.0,Finance,Bachelor,4.0,169.0,173000.0,0
0442,39,20,16.0,Operations,Master,4.0,173.0,205000.0,0
0443,22,0,0.0,Engineering,High School,5.0,171.0,135000.0,0
0444,39,13,0.0,HR,Bachelor,3.0,181.0,105000.0,0
0445,26,5,2.0,Marketing,Master,3.0,183.0,127000.0,0
0446,46,22,10.0,Sales,High School,4.0,154.0,149000.0,0
0447,43,19,1.0,Engineering,Bachelor,2.0,183.0,149000.0,0
0448,30,9,0.0,Operations,Bachelor,4.0,152.0,109000.0,0
0449,34,15,7.0,Engineering,Bachelor,2.0,178.0,141000.0,0
0450,29,7,2.0,Sales,Bachelor,3.0,179.0,114000.0,0
0451,39,17,4.0,Sales,Bachelor,4.0,141.0,153000.0,0
0452,49,31,0.0,Operations,Bachelor,3.0,171.0,115000.0,0
0453,30,8,0.0,Finance,Bachelor,3.0,162.0,126000.0,0
0454,45,27,4.0,HR,Master,3.0,158.0,127000.0,0
0455,34,13,1.0,Sales,Master,4.0,190.0,173000.0,0
0456,32,4,3.0,Finance,Bachelor,3.0,160.0,134000.0,0
0457,38,18,3.0,Marketing,High School,4.0,157.0,109000.0,0
0458,29,8,1.0,HR,Bachelor,2.0,171.0,93000.0,0
0459,34,15,14.0,Operations,Bachelor,4.0,180.0,130000.0,0
0460,28,8,8.0,Engineering,Bachelor,4.0,167.0,176000.0,0
0461,59,36,6.0,Finance,Master,2.0,187.0,192000.0,0
0462,40,14,0.0,Engineering,High School,3.0,177.0,119000.0,0
0463,33,10,0.0,Marketing,High School,2.0,140.0,77000.0,0
0464,42,17,3.0,Sales,Bachelor,4.0,162.0,146000.0,0
0465,38,14,0.0,Sales,Master,3.0,161.0,147000.0,0
0466,37,16,16.0,Sales,Bachelor,4.0,177.0,157000.0,0
0467,46,28,0.0,Finance,Master,3.0,140.0,176000.0,1
0468,47,26,3.0,Sales,Bachelor,3.0,208.0,141000.0,0
0469,34,8,2.0,Finance,Master,1.0,170.0,130000.0,0
0470,34,13,5.0,Sales,Master,3.0,172.0,164000.0,0
0471,37,18,0.0,Engineering,Bachelor,3.0,187.0,159000.0,0
0472,22,0,0.0,HR,Bachelor,4.0,205.0,94000.0,0
0473,24,1,1.0,Sales,Bachelor,4.0,183.0,108000.0,0
0474,53,31,10.0,Sales,Bachelor,3.0,184.0,161000.0,0
0475,56,31,0.0,Finance,Master,5.0,171.0,265000.0,0
0476,37,16,12.0,Sales,Master,4.0,167.0,184000.0,0
0477,45,22,8.0,Engineering,Master,5.0,162.0,308000.0,0
0478,43,22,1.0,Sales,Master,3.0,157.0,161000.0,0
0479,65,40,7.0,Operations,Bachelor,3.0,159.0,123000.0,0
0480,51,27,0.0,Finance,Bachelor,2.0,149.0,147000.0,0
0481,38,18,17.0,Finance,Master,4.0,168.0,240000.0,0
0482,30,6,3.0,Finance,Bachelor,2.0,144.0,125000.0,0
0483,23,5,1.0,Engineering,Master,3.0,172.0,156000.0,0
0484,42,18,2.0,Sales,Bachelor,3.0,169.0,143000.0,0
0485,32,10,0.0,HR,High School,3.0,172.0,74000.0,0
0486,25,5,5.0,Engineering,PhD,4.0,162.0,245000.0,0
0487,33,6,0.0,Sales,Bachelor,2.0,216.0,105000.0,0
0488,29,1,1.0,Sales,PhD,3.0,190.0,145000.0,0
0489,56,29,2.0,Sales,PhD,4.0,151.0,231000.0,0
0490,48,29,14.0,Operations,Master,5.0,170.0,206000.0,0
0491,39,15,1.0,Engineering,Master,4.0,160.0,224000.0,0
0492,54,36,3.0,Marketing,Bachelor,5.0,154.0,147000.0,0
0493,40,16,3.0,Engineering,Master,4.0,149.0,215000.0,0
0494,31,9,6.0,Operations,Bachelor,3.0,176.0,98000.0,0
0495,55,37,0.0,Engineering,Bachelor,2.0,159.0,148000.0,0
0496,45,27,1.0,Sales,Master,4.0,184.0,185000.0,0
0497,29,11,1.0,Finance,Bachelor,4.0,184.0,166000.0,0
0498,38,19,6.0,Finance,Bachelor,4.0,190.0,202000.0,0
0499,31,12,1.0,Sales,Bachelor,3.0,157.0,119000.0,0
0500,26,5,4.0,Sales,Bachelor,3.0,177.0,105000.0,0
0501,49,29,1.0,Sales,Master,3.0,179.0,165000.0,0
0502,59,35,9.0,Sales,Bachelor,3.0,162.0,144000.0,0
0503,26,1,2.0,Engineering,PhD,2.0,158.0,175000.0,0
0504,45,22,3.0,Marketing,Master,4.0,194.0,187000.0,0
0505,33,10,2.0,Sales,Master,2.0,173.0,133000.0,0
0506,35,11,2.0,Sales,Bachelor,2.0,179.0,107000.0,0
0507,34,14,0.0,Finance,Master,3.0,157.0,167000.0,0
0508,31,11,1.0,Operations,High School,4.0,151.0,90000.0,0
0509,40,18,5.0,Finance,Master,3.0,161.0,190000.0,0
0510,31,13,3.0,Engineering,High School,3.0,168.0,126000.0,0
0511,42,16,14.0,Engineering,Master,3.0,170.0,222000.0,0
0512,39,16,2.0,Operations,PhD,3.0,169.0,159000.0,0
0513,37,12,5.0,Sales,Bachelor,5.0,144.0,165000.0,0
0514,30,2,2.0,Engineering,Bachelor,5.0,153.0,171000.0,0
0515,34,11,3.0,Marketing,Master,3.0,180.0,131000.0,0
0516,47,24,1.0,Finance,Bachelor,3.0,179.0,155000.0,0
0517,45,27,3.0,Finance,Master,4.0,170.0,205000.0,0
0518,30,9,3.0,Sales,High School,1.0,154.0,75000.0,0
0519,40,14,6.0,Engineering,High School,3.0,154.0,132000.0,0
0520,47,29,14.0,Operations,PhD,3.0,170.0,181000.0,0
0521,23,4,1.0,Sales,Master,5.0,179.0,167000.0,0
0522,45,24,0.0,Finance,Master,1.0,183.0,168000.0,0
0523,33,10,3.0,Finance,Bachelor,3.0,162.0,143000.0,0
0524,45,20,3.0,Finance,Master,4.0,152.0,212000.0,0
0525,32,8,0.0,Sales,Bachelor,3.0,174.0,116000.0,0
0526,22,3,3.0,Sales,Master,2.0,170.0,123000.0,0
0527,23,5,5.0,Marketing,Master,5.0,162.0,155000.0,0
0528,40,22,14.0,Operations,Bachelor,3.0,189.0,128000.0,0
0529,42,18,1.0,Operations,Bachelor,4.0,182.0,139000.0,0
0530,30,4,4.0,Engineering,Bachelor,3.0,172.0,134000.0,0
0531,46,24,2.0,Engineering,Master,3.0,150.0,188000.0,0
0532,23,0,0.0,Operations,Bachelor,3.0,173.0,77000.0,0
0533,39,17,3.0,Finance,Master,2.0,185.0,179000.0,0
0534,27,4,4.0,Operations,Bachelor,2.0,164.0,82000.0,0
0535,33,9,3.0,Engineering,Master,4.0,190.0,201000.0,0
0536,40,13,2.0,Marketing,Master,3.0,189.0,139000.0,0
0537,31,10,3.0,Finance,Bachelor,2.0,194.0,147000.0,0
0538,36,12,4.0,Finance,High School,3.0,174.0,116000.0,0
0539,50,24,1.0,Sales,High School,4.0,178.0,131000.0,0
0540,34,3,2.0,Engineering,Master,2.0,191.0,163000.0,0
0541,48,25,5.0,Marketing,Master,3.0,176.0,168000.0,0
0542,28,10,2.0,Sales,High School,2.0,162.0,91000.0,0
0543,45,27,0.0,Marketing,Master,1.0,163.0,113000.0,0
0544,54,30,4.0,Operations,Bachelor,2.0,173.0,116000.0,0
0545,22,0,0.0,Sales,Bachelor,4.0,150.0,113000.0,0
0546,32,11,0.0,HR,PhD,2.0,167.0,136000.0,0
0547,45,20,3.0,Engineering,Bachelor,1.0,186.0,162000.0,0
0548,37,15,2.0,Finance,Bachelor,3.0,140.0,156000.0,0
0549,43,23,4.0,Operations,High School,4.0,193.0,116000.0,0
0550,33,14,0.0,Engineering,High School,3.0,186.0,132000.0,0
0551,40,17,2.0,Engineering,Bachelor,3.0,170.0,166000.0,0
0552,38,15,0.0,Sales,High School,1.0,178.0,74000.0,0
0553,51,26,21.0,Engineering,Master,3.0,170.0,238000.0,0
0554,42,17,4.0,Finance,Bachelor,3.0,188.0,171000.0,0
0555,43,20,5.0,Operations,Bachelor,3.0,184.0,117000.0,0
0556,35,14,1.0,Sales,Bachelor,3.0,148.0,120000.0,0
0557,35,15,0.0,Sales,Bachelor,3.0,178.0,118000.0,0
0558,35,10,10.0,Sales,Master,2.0,166.0,155000.0,0
0559,43,25,1.0,Finance,PhD,3.0,171.0,251000.0,0
0560,35,12,2.0,Engineering,High School,2.0,159.0,109000.0,0
0561,42,19,5.0,Marketing,Master,4.0,196.0,183000.0,0
0562,60,35,0.0,Finance,Bachelor,5.0,185.0,211000.0,0
0563,48,18,8.0,Finance,Bachelor,5.0,158.0,230000.0,0
0564,36,16,3.0,Engineering,Bachelor,3.0,149.0,190000.0,1
0565,52,32,1.0,Finance,High School,4.0,164.0,153000.0,0
0566,35,12,2.0,Engineering,High School,4.0,176.0,140000.0,0
0567,22,0,0.0,Engineering,Master,3.0,173.0,166000.0,0
0568,29,8,8.0,Operations,Bachelor,4.0,188.0,114000.0,0
0569,22,0,2.0,Finance,PhD,3.0,181.0,151000.0,1
0570,36,12,1.0,Engineering,Bachelor,3.0,184.0,149000.0,0
0571,40,20,0.0,Engineering,High School,4.0,174.0,143000.0,0
0572,56,30,5.0,Engineering,Master,3.0,170.0,194000.0,0
0573,43,21,4.0,Sales,Bachelor,3.0,167.0,131000.0,0
0574,37,10,2.0,Engineering,Bachelor,5.0,185.0,192000.0,0
0575,48,27,2.0,Engineering,Master,2.0,169.0,186000.0,0
0576,22,0,0.0,Marketing,PhD,3.0,177.0,131000.0,0
0577,42,15,5.0,Finance,Master,3.0,170.0,244000.0,1
0578,47,28,17.0,Finance,Master,4.0,154.0,252000.0,0
0579,25,0,0.0,Finance,Master,3.0,168.0,142000.0,0
0580,51,26,4.0,Engineering,PhD,3.0,174.0,243000.0,0
0581,43,21,2.0,Operations,Bachelor,3.0,160.0,114000.0,0
0582,35,16,2.0,HR,High School,4.0,166.0,103000.0,0
0583,46,20,1.0,HR,Bachelor,3.0,155.0,104000.0,0
0584,62,40,2.0,HR,Bachelor,3.0,186.0,111000.0,0
0585,41,20,3.0,Operations,Master,2.0,165.0,137000.0,0
0586,42,22,3.0,Marketing,Master,1.0,191.0,136000.0,0
0587,35,13,1.0,Engineering,Bachelor,5.0,192.0,232000.0,0
0588,31,7,1.0,Finance,High School,3.0,168.0,105000.0,0
0589,48,23,0.0,Finance,Master,4.0,154.0,226000.0,0
0590,31,9,6.0,Finance,Bachelor,2.0,140.0,132000.0,0
0591,40,14,1.0,Marketing,Master,4.0,147.0,158000.0,0
0592,35,4,4.0,Engineering,Bachelor,5.0,149.0,195000.0,0
0593,44,23,2.0,Sales,Bachelor,3.0,190.0,123000.0,0
0594,43,23,2.0,Operations,High School,2.0,171.0,91000.0,0
0595,50,20,3.0,Marketing,High School,3.0,175.0,113000.0,0
0596,34,8,2.0,Marketing,Master,4.0,140.0,145000.0,0
0597,37,16,0.0,Sales,PhD,3.0,152.0,193000.0,0
0598,30,12,1.0,Sales,Master,4.0,183.0,161000.0,0
0599,35,13,5.0,Operations,High School,4.0,174.0,100000.0,0
0600,43,18,5.0,Finance,Bachelor,4.0,167.0,186000.0,0
0601,47,24,1.0,HR,Master,4.0,178.0,144000.0,0
0602,30,12,3.0,Marketing,Master,2.0,194.0,124000.0,0
0603,48,24,1.0,Finance,High School,3.0,166.0,121000.0,0
0604,53,28,1.0,Engineering,High School,3.0,171.0,141000.0,0
0605,44,20,0.0,Finance,Master,5.0,172.0,269000.0,0
0606,58,33,11.0,Sales,Bachelor,4.0,205.0,178000.0,0
0607,32,10,1.0,Sales,Bachelor,4.0,140.0,136000.0,0
0608,27,9,1.0,Finance,High School,3.0,180.0,109000.0,0
0609,22,0,2.0,Operations,Bachelor,2.0,168.0,82000.0,0
0610,54,31,0.0,Engineering,Master,4.0,178.0,234000.0,0
0611,46,23,5.0,HR,PhD,3.0,160.0,172000.0,0
0612,39,12,0.0,Sales,Bachelor,3.0,169.0,116000.0,0
0613,42,22,0.0,Sales,Bachelor,4.0,180.0,159000.0,0
0614,28,5,5.0,Engineering,High School,1.0,216.0,96000.0,0
0615,64,41,2.0,Sales,Bachelor,3.0,182.0,144000.0,0
0616,41,23,6.0,Marketing,Bachelor,3.0,157.0,122000.0,0
0617,41,19,4.0,Engineering,Master,2.0,163.0,184000.0,0
0618,47,22,1.0,Marketing,Bachelor,3.0,163.0,173000.0,1
0619,44,20,5.0,Operations,Bachelor,3.0,143.0,119000.0,0
0620,42,23,0.0,Engineering,High School,2.0,165.0,124000.0,0
0621,32,10,3.0,HR,Bachelor,3.0,180.0,107000.0,1
0622,44,17,2.0,Sales,High School,4.0,150.0,114000.0,0
0623,58,38,1.0,Finance,Bachelor,3.0,185.0,161000.0,0
0624,53,28,4.0,Sales,PhD,3.0,177.0,214000.0,0
0625,55,37,10.0,Engineering,Bachelor,1.0,158.0,167000.0,0
0626,34,15,15.0,Engineering,Bachelor,1.0,167.0,164000.0,0
0627,30,6,4.0,Engineering,Master,3.0,193.0,169000.0,0
0628,38,19,2.0,Engineering,PhD,4.0,181.0,300000.0,0
0629,40,18,1.0,Finance,Bachelor,4.0,170.0,171000.0,0
0630,50,30,1.0,Operations,Master,2.0,166.0,126000.0,0
0631,23,2,2.0,HR,Bachelor,3.0,171.0,77000.0,0
0632,55,30,2.0,Finance,Bachelor,5.0,162.0,235000.0,0
0633,38,14,12.0,Engineering,Bachelor,3.0,140.0,163000.0,0
0634,35,16,2.0,Sales,Master,4.0,200.0,180000.0,0
0635,29,5,2.0,Sales,Master,2.0,172.0,116000.0,0
0636,23,0,0.0,Engineering,Bachelor,5.0,175.0,168000.0,0
0637,48,23,9.0,Marketing,High School,4.0,169.0,122000.0,0
0638,40,19,5.0,Marketing,Master,5.0,158.0,192000.0,0
0639,27,9,4.0,Sales,High School,4.0,167.0,109000.0,0
0640,27,1,2.0,Sales,Bachelor,3.0,146.0,90000.0,0
0641,36,14,8.0,HR,Master,5.0,204.0,182000.0,0
0642,56,38,0.0,HR,Master,3.0,151.0,122000.0,0
0643,37,14,2.0,Sales,Master,3.0,154.0,147000.0,0
0644,24,3,2.0,Operations,Master,4.0,163.0,124000.0,0
0645,37,11,2.0,Operations,Bachelor,4.0,189.0,108000.0,0
0646,37,16,3.0,Sales,Master,5.0,170.0,193000.0,0
0647,22,0,0.0,Sales,Master,3.0,151.0,112000.0,0
0648,39,19,0.0,Marketing,Bachelor,4.0,188.0,139000.0,0
0649,37,18,10.0,Operations,High School,4.0,170.0,125000.0,0
0650,46,28,2.0,Operations,Bachelor,2.0,170.0,122000.0,0
0651,58,37,2.0,Engineering,Bachelor,3.0,180.0,165000.0,0
0652,51,29,0.0,Sales,Master,3.0,205.0,169000.0,1
0653,37,15,2.0,Marketing,Master,3.0,202.0,151000.0,0
0654,28,4,3.0,Marketing,Bachelor,5.0,159.0,127000.0,0
0655,65,44,2.0,Engineering,High School,4.0,194.0,149000.0,0
0656,40,17,5.0,Operations,PhD,4.0,175.0,192000.0,0
0657,40,18,2.0,Finance,High School,5.0,177.0,170000.0,0
0658,39,20,16.0,HR,Bachelor,3.0,144.0,129000.0,0
0659,41,15,4.0,Operations,Bachelor,4.0,167.0,130000.0,0
0660,38,19,8.0,Finance,Bachelor,3.0,157.0,161000.0,0
0661,34,15,0.0,Sales,High School,4.0,182.0,108000.0,0
0662,34,11,2.0,Finance,High School,2.0,186.0,110000.0,0
0663,39,10,2.0,Engineering,High School,3.0,140.0,160000.0,1
0664,34,10,4.0,Finance,Bachelor,3.0,169.0,133000.0,0
0665,32,13,9.0,Engineering,Bachelor,3.0,186.0,175000.0,0
0666,41,18,0.0,Finance,Bachelor,4.0,167.0,161000.0,0
0667,37,12,0.0,Engineering,Master,3.0,180.0,175000.0,0
0668,55,31,9.0,Engineering,Master,4.0,175.0,251000.0,0
0669,22,2,1.0,Engineering,High School,3.0,175.0,98000.0,0
0670,50,29,5.0,Engineering,Bachelor,4.0,165.0,196000.0,0
0671,52,29,3.0,Finance,Master,3.0,170.0,213000.0,0
0672,22,0,0.0,Finance,Bachelor,2.0,170.0,102000.0,0
0673,36,12,0.0,Marketing,Bachelor,3.0,170.0,124000.0,0
0674,36,11,0.0,Engineering,Master,3.0,170.0,179000.0,0
0675,25,7,4.0,Engineering,Master,2.0,167.0,162000.0,0
0676,32,9,9.0,Engineering,Master,3.0,163.0,188000.0,0
0677,28,9,2.0,Engineering,Bachelor,3.0,165.0,162000.0,0
0678,57,39,1.0,Operations,Master,3.0,185.0,128000.0,1
0679,49,29,4.0,Engineering,Bachelor,3.0,164.0,164000.0,0
0680,52,28,13.0,Sales,Master,4.0,149.0,197000.0,0
0681,47,26,9.0,Engineering,Bachelor,2.0,181.0,176000.0,0
0682,28,5,5.0,Engineering,Bachelor,3.0,166.0,126000.0,0
0683,34,9,0.0,Marketing,Master,4.0,170.0,144000.0,0
0684,44,22,0.0,Finance,Bachelor,3.0,194.0,177000.0,0
0685,27,1,1.0,Engineering,Bachelor,4.0,169.0,143000.0,0
0686,47,28,8.0,Engineering,PhD,3.0,174.0,258000.0,0
0687,37,13,1.0,Sales,High School,3.0,152.0,92000.0,0
0688,36,14,1.0,Engineering,Bachelor,1.0,166.0,137000.0,0
0689,47,25,7.0,Engineering,High School,4.0,179.0,160000.0,0
0690,44,21,0.0,Operations,Master,3.0,146.0,171000.0,1
0691,36,15,2.0,Finance,Master,1.0,173.0,169000.0,0
0692,51,27,2.0,Marketing,Bachelor,3.0,171.0,129000.0,0
0693,29,9,4.0,Sales,Master,5.0,170.0,188000.0,0
0694,46,19,6.0,Sales,Bachelor,3.0,170.0,148000.0,0
0695,45,23,2.0,Marketing,Master,3.0,175.0,161000.0,0
0696,36,18,4.0,Finance,Bachelor,5.0,192.0,213000.0,0
0697,43,17,4.0,Finance,Bachelor,4.0,155.0,176000.0,0
0698,27,2,2.0,Engineering,PhD,3.0,172.0,171000.0,0
0699,49,28,5.0,Marketing,Bachelor,4.0,171.0,153000.0,0
0700,38,16,1.0,Sales,High School,4.0,153.0,119000.0,0
0701,34,13,0.0,Operations,Bachelor,3.0,184.0,98000.0,0
0702,50,29,0.0,Finance,PhD,3.0,204.0,231000.0,0
0703,32,11,1.0,Marketing,Bachelor,3.0,169.0,101000.0,0
0704,25,6,3.0,Engineering,High School,5.0,177.0,144000.0,0
0705,24,3,3.0,Finance,Bachelor,4.0,171.0,147000.0,0
0706,46,23,6.0,Engineering,Bachelor,2.0,159.0,161000.0,0
0707,27,7,7.0,Sales,Bachelor,4.0,142.0,130000.0,0
0708,57,39,2.0,Engineering,Master,3.0,159.0,187000.0,0
0709,22,0,0.0,Finance,PhD,2.0,149.0,155000.0,0
0710,56,31,2.0,Engineering,Bachelor,3.0,195.0,175000.0,0
0711,42,23,1.0,Sales,Bachelor,3.0,170.0,129000.0,0
0712,39,16,0.0,Operations,Bachelor,4.0,164.0,123000.0,0
0713,34,5,4.0,Engineering,High School,3.0,183.0,112000.0,0
0714,43,23,22.0,Marketing,Master,4.0,153.0,198000.0,0
0715,39,15,0.0,Sales,Bachelor,3.0,158.0,113000.0,0
0716,51,28,0.0,Engineering,Bachelor,2.0,171.0,174000.0,0
0717,41,19,7.0,HR,Master,5.0,185.0,193000.0,0
0718,41,19,1.0,Engineering,Bachelor,3.0,177.0,168000.0,0
0719,36,16,8.0,Marketing,Master,3.0,173.0,159000.0,0
0720,39,15,6.0,Marketing,High School,3.0,171.0,115000.0,0
0721,43,22,14.0,Finance,Master,4.0,176.0,236000.0,0
0722,22,0,0.0,Finance,PhD,3.0,173.0,168000.0,0
0723,26,6,5.0,Sales,Master,2.0,154.0,121000.0,0
0724,47,26,3.0,Engineering,PhD,2.0,170.0,230000.0,0
0725,41,16,4.0,Finance,Bachelor,3.0,153.0,149000.0,0
0726,38,19,2.0,Marketing,Bachelor,4.0,171.0,135000.0,0
0727,40,16,1.0,HR,Master,3.0,162.0,130000.0,0
0728,43,23,3.0,HR,Bachelor,3.0,208.0,114000.0,0
0729,34,13,3.0,HR,Bachelor,3.0,169.0,106000.0,1
0730,32,14,8.0,Marketing,Bachelor,3.0,148.0,121000.0,0
0731,41,18,6.0,Sales,High School,5.0,167.0,150000.0,0
0732,30,6,5.0,HR,Bachelor,3.0,170.0,95000.0,0
0733,44,21,0.0,Marketing,Bachelor,5.0,195.0,168000.0,0
0734,22,0,0.0,Engineering,Master,3.0,161.0,145000.0,0
0735,50,30,3.0,Operations,Bachelor,2.0,146.0,105000.0,0
0736,44,17,11.0,Operations,High School,4.0,182.0,112000.0,0
0737,42,16,12.0,Marketing,Bachelor,3.0,149.0,124000.0,0
0738,49,23,2.0,Engineering,Bachelor,4.0,163.0,183000.0,0
0739,56,36,8.0,Sales,Master,5.0,166.0,207000.0,0
0740,50,32,0.0,HR,Bachelor,2.0,168.0,116000.0,0
0741,22,0,0.0,Operations,Bachelor,2.0,180.0,76000.0,0
0742,27,4,3.0,Engineering,Master,4.0,159.0,193000.0,0
0743,33,11,0.0,Engineering,Bachelor,3.0,170.0,153000.0,0
0744,40,21,6.0,Operations,High School,2.0,169.0,87000.0,0
0745,45,20,0.0,Sales,Bachelor,1.0,172.0,107000.0,0
0746,32,10,0.0,Marketing,PhD,1.0,171.0,147000.0,0
0747,41,21,4.0,Operations,Bachelor,4.0,176.0,150000.0,0
0748,32,11,6.0,Engineering,Bachelor,2.0,182.0,149000.0,0
0749,33,11,11.0,Finance,High School,3.0,175.0,125000.0,0
0750,25,6,6.0,Engineering,Bachelor,4.0,176.0,160000.0,0
0751,30,0,0.0,Sales,Bachelor,3.0,146.0,96000.0,0
0752,26,6,2.0,HR,Bachelor,1.0,170.0,77000.0,0
0753,30,6,0.0,Sales,High School,4.0,177.0,88000.0,0
0754,50,22,0.0,Operations,PhD,1.0,180.0,133000.0,0
0755,30,9,3.0,Marketing,Master,4.0,159.0,147000.0,0
0756,65,47,5.0,Sales,Bachelor,4.0,160.0,150000.0,0
0757,44,21,2.0,Engineering,Master,3.0,161.0,203000.0,0
0758,41,21,6.0,Sales,High School,3.0,178.0,107000.0,0
0759,31,13,3.0,Sales,Bachelor,3.0,185.0,120000.0,0
0760,47,28,0.0,Engineering,Master,3.0,163.0,209000.0,0
0761,34,16,1.0,Sales,Master,4.0,183.0,179000.0,0
0762,41,21,9.0,Marketing,Master,4.0,171.0,186000.0,0
0763,65,43,6.0,Finance,Bachelor,3.0,168.0,176000.0,0
0764,39,12,11.0,Finance,PhD,4.0,170.0,264000.0,0
0765,51,28,0.0,Finance,High School,5.0,181.0,186000.0,0
0766,32,7,7.0,Engineering,Master,5.0,174.0,232000.0,0
0767,39,21,1.0,Engineering,PhD,3.0,204.0,247000.0,0
0768,57,34,2.0,Finance,Bachelor,3.0,157.0,147000.0,0
0769,33,11,11.0,Marketing,Master,3.0,177.0,142000.0,1
0770,58,37,1.0,Engineering,High School,5.0,170.0,190000.0,0
0771,47,25,5.0,HR,Bachelor,2.0,156.0,121000.0,0
0772,34,16,0.0,HR,Bachelor,3.0,169.0,113000.0,0
0773,46,22,4.0,Marketing,Bachelor,3.0,172.0,117000.0,0
0774,49,27,11.0,Engineering,PhD,3.0,213.0,295000.0,0
0775,46,21,1.0,HR,Master,3.0,167.0,126000.0,0
0776,24,0,0.0,Marketing,Bachelor,5.0,153.0,123000.0,0
0777,32,8,1.0,HR,Master,2.0,174.0,108000.0,0
0778,37,14,4.0,HR,PhD,3.0,140.0,161000.0,0
0779,39,15,2.0,HR,High School,2.0,168.0,77000.0,0
0780,46,21,1.0,Marketing,PhD,2.0,170.0,181000.0,0
0781,41,14,1.0,Engineering,High School,3.0,181.0,116000.0,0
0782,26,3,0.0,Finance,Master,3.0,184.0,142000.0,0
0783,43,16,11.0,Finance,Bachelor,3.0,162.0,157000.0,0
0784,46,26,2.0,Finance,High School,3.0,167.0,118000.0,0
0785,45,23,1.0,Engineering,Bachelor,2.0,158.0,160000.0,0
0786,50,23,2.0,Engineering,Master,3.0,170.0,222000.0,0
0787,48,25,1.0,Operations,Bachelor,5.0,174.0,178000.0,0
0788,44,19,6.0,Finance,High School,5.0,150.0,179000.0,0
0789,39,17,17.0,Operations,Bachelor,3.0,163.0,135000.0,0
0790,23,5,2.0,HR,PhD,3.0,155.0,133000.0,0
0791,44,16,9.0,Marketing,Bachelor,5.0,178.0,177000.0,0
0792,42,20,4.0,Finance,Bachelor,1.0,197.0,142000.0,0
0793,42,19,0.0,Operations,Bachelor,4.0,150.0,130000.0,0
0794,27,7,5.0,Marketing,High School,5.0,142.0,116000.0,0
0795,29,7,3.0,Finance,Master,2.0,168.0,147000.0,0
0796,50,25,5.0,Engineering,Master,2.0,170.0,200000.0,0
0797,39,16,11.0,Marketing,Bachelor,5.0,173.0,175000.0,0
0798,46,21,2.0,Finance,Bachelor,3.0,163.0,168000.0,0
0799,40,21,11.0,Sales,Master,1.0,166.0,142000.0,0
0800,40,18,6.0,Engineering,Bachelor,3.0,175.0,173000.0,0
0801,49,31,3.0,Sales,Master,3.0,185.0,182000.0,0
0802,34,11,2.0,Engineering,Master,4.0,140.0,220000.0,0
0803,40,15,2.0,Engineering,Master,4.0,164.0,231000.0,0
0804,35,8,8.0,Sales,Bachelor,5.0,173.0,161000.0,0
0805,35,7,5.0,Operations,Bachelor,3.0,156.0,99000.0,0
0806,36,9,0.0,Marketing,PhD,3.0,195.0,162000.0,0
0807,42,20,1.0,Engineering,Bachelor,3.0,160.0,181000.0,0
0808,35,14,4.0,Engineering,Master,3.0,169.0,173000.0,0
0809,52,25,0.0,Finance,Bachelor,2.0,178.0,142000.0,0
0810,31,11,2.0,Sales,Master,5.0,161.0,198000.0,0
0811,38,14,2.0,HR,Bachelor,4.0,142.0,120000.0,0
0812,35,13,2.0,Finance,Bachelor,3.0,170.0,140000.0,0
0813,54,36,2.0,HR,High School,3.0,185.0,103000.0,1
0814,41,21,1.0,Sales,Master,3.0,164.0,155000.0,0
0815,50,27,0.0,Finance,Master,3.0,157.0,176000.0,0
0816,25,0,0.0,Sales,Bachelor,4.0,183.0,122000.0,0
0817,42,13,3.0,Operations,Bachelor,3.0,165.0,106000.0,0
0818,48,23,1.0,Finance,Master,5.0,162.0,257000.0,0
0819,40,17,1.0,Sales,High School,4.0,172.0,122000.0,0
0820,50,25,4.0,Sales,Bachelor,3.0,181.0,146000.0,0
0821,34,11,2.0,Engineering,Bachelor,4.0,205.0,182000.0,0
0822,54,32,0.0,Finance,Bachelor,2.0,182.0,161000.0,0
0823,62,39,0.0,Engineering,Bachelor,3.0,187.0,165000.0,0
0824,36,12,8.0,Marketing,Bachelor,3.0,162.0,116000.0,0
0825,35,13,6.0,Sales,High School,3.0,154.0,104000.0,0
0826,54,33,6.0,Finance,Bachelor,3.0,170.0,189000.0,1
0827,55,29,6.0,HR,Bachelor,3.0,171.0,122000.0,0
0828,34,16,5.0,HR,Bachelor,4.0,153.0,132000.0,0
0829,35,12,3.0,HR,Bachelor,3.0,170.0,109000.0,0
0830,37,15,5.0,Engineering,Master,3.0,170.0,180000.0,0
0831,26,6,0.0,Engineering,High School,4.0,175.0,129000.0,0
0832,30,8,4.0,Finance,Bachelor,3.0,177.0,136000.0,0
0833,29,9,7.0,Sales,High School,3.0,174.0,99000.0,0
0834,32,10,3.0,Sales,High School,3.0,162.0,96000.0,0
0835,39,15,2.0,Engineering,Bachelor,3.0,162.0,170000.0,0
0836,42,21,2.0,Sales,Bachelor,1.0,152.0,120000.0,0
0837,55,29,5.0,Engineering,Master,4.0,196.0,266000.0,0
0838,30,8,5.0,Operations,Bachelor,3.0,170.0,107000.0,0
0839,49,26,10.0,Engineering,PhD,3.0,166.0,269000.0,0
0840,37,14,2.0,Marketing,High School,5.0,156.0,124000.0,0
0841,39,16,7.0,Engineering,High School,3.0,214.0,148000.0,1
0842,46,18,4.0,Finance,High School,3.0,153.0,152000.0,1
0843,28,4,4.0,Sales,Bachelor,2.0,163.0,99000.0,0
0844,43,21,3.0,Operations,Bachelor,3.0,176.0,121000.0,0
0845,41,19,2.0,Operations,Master,4.0,179.0,162000.0,0
0846,44,18,4.0,Sales,High School,3.0,184.0,104000.0,0
0847,42,23,6.0,Operations,PhD,4.0,197.0,220000.0,0
0848,64,39,16.0,Operations,Master,3.0,177.0,161000.0,0
0849,33,13,0.0,HR,Bachelor,2.0,154.0,107000.0,0
0850,34,13,0.0,HR,High School,3.0,166.0,76000.0,0
0851,33,9,9.0,Engineering,Bachelor,3.0,174.0,151000.0,0
0852,34,16,3.0,Marketing,High School,4.0,201.0,114000.0,0
0853,33,7,4.0,Engineering,High School,3.0,149.0,119000.0,0
0854,51,31,3.0,Engineering,Bachelor,5.0,188.0,242000.0,0
0855,54,35,0.0,Operations,Bachelor,5.0,170.0,158000.0,0
0856,34,9,7.0,Sales,Bachelor,3.0,182.0,114000.0,0
0857,31,13,6.0,Finance,PhD,3.0,168.0,205000.0,0
0858,44,21,1.0,HR,Master,4.0,157.0,161000.0,0
0859,34,12,1.0,Operations,PhD,5.0,181.0,188000.0,0
0860,46,24,9.0,Operations,High School,3.0,179.0,98000.0,0
0861,42,19,0.0,Engineering,Bachelor,3.0,184.0,172000.0,0
0862,24,4,4.0,Engineering,Bachelor,3.0,169.0,128000.0,0
0863,55,35,1.0,Sales,High School,4.0,161.0,132000.0,0
0864,57,29,4.0,Engineering,High School,3.0,146.0,147000.0,0
0865,33,14,13.0,Engineering,Master,4.0,182.0,223000.0,0
0866,36,9,5.0,Sales,Master,2.0,176.0,128000.0,0
0867,42,23,2.0,HR,Bachelor,1.0,155.0,87000.0,0
0868,43,24,5.0,Marketing,Bachelor,3.0,161.0,124000.0,0
0869,46,20,2.0,Sales,Bachelor,3.0,162.0,139000.0,0
0870,60,36,1.0,Finance,High School,3.0,147.0,125000.0,0
0871,38,12,12.0,Engineering,Bachelor,3.0,157.0,169000.0,0
0872,32,9,6.0,Engineering,Bachelor,3.0,152.0,137000.0,0
0873,26,3,3.0,HR,High School,2.0,163.0,70000.0,0
0874,32,12,2.0,Finance,PhD,3.0,158.0,199000.0,0
0875,39,20,0.0,HR,Bachelor,5.0,145.0,154000.0,0
0876,57,39,0.0,Engineering,Master,3.0,200.0,207000.0,0
0877,34,10,4.0,HR,Bachelor,3.0,188.0,98000.0,0
0878,42,19,7.0,Finance,Bachelor,3.0,158.0,157000.0,0
0879,39,11,3.0,Marketing,Bachelor,5.0,174.0,158000.0,0
0880,51,26,9.0,Finance,High School,3.0,176.0,142000.0,0
0881,65,45,0.0,Operations,Bachelor,4.0,187.0,141000.0,0
0882,34,16,2.0,Marketing,Master,4.0,157.0,165000.0,0
0883,35,9,1.0,Marketing,Master,4.0,186.0,149000.0,0
0884,50,26,2.0,Operations,Bachelor,2.0,170.0,101000.0,0
0885,46,23,0.0,HR,Bachelor,4.0,149.0,129000.0,0
0886,58,36,15.0,Sales,PhD,2.0,180.0,210000.0,0
0887,45,20,1.0,Finance,High School,3.0,189.0,144000.0,0
0888,36,15,12.0,Sales,Bachelor,4.0,208.0,170000.0,0
0889,45,21,2.0,Engineering,Bachelor,3.0,152.0,183000.0,1
0890,51,28,21.0,Marketing,Master,3.0,180.0,215000.0,1
0891,48,27,2.0,Operations,PhD,1.0,163.0,140000.0,0
0892,45,23,13.0,Operations,Bachelor,4.0,181.0,152000.0,0
0893,50,26,0.0,Sales,Master,3.0,147.0,159000.0,0
0894,51,28,6.0,Marketing,Master,3.0,151.0,149000.0,0
0895,53,30,11.0,Engineering,Bachelor,2.0,158.0,172000.0,0
0896,46,22,0.0,Operations,Bachelor,5.0,170.0,154000.0,0
0897,38,15,0.0,Operations,Bachelor,2.0,160.0,108000.0,0
0898,41,23,2.0,Finance,PhD,2.0,170.0,201000.0,0
0899,52,31,13.0,HR,Bachelor,3.0,185.0,140000.0,0
0900,31,8,3.0,Finance,Master,4.0,178.0,180000.0,0
0901,43,23,3.0,Marketing,Bachelor,3.0,194.0,122000.0,0
0902,36,12,0.0,Engineering,Master,2.0,176.0,181000.0,0
0903,40,21,0.0,Marketing,Bachelor,3.0,151.0,127000.0,0
0904,52,31,8.0,Finance,Bachelor,3.0,190.0,186000.0,0
0905,41,18,0.0,Finance,Master,3.0,160.0,191000.0,0
0906,40,19,5.0,Sales,Master,3.0,183.0,184000.0,0
0907,26,0,0.0,Operations,Master,4.0,193.0,119000.0,0
0908,47,21,1.0,Engineering,High School,3.0,176.0,135000.0,0
0909,46,20,2.0,Marketing,Master,3.0,147.0,157000.0,0
0910,61,39,0.0,Finance,High School,3.0,156.0,134000.0,0
0911,36,18,4.0,Finance,Bachelor,5.0,189.0,212000.0,0
0912,42,24,0.0,Finance,Bachelor,5.0,167.0,207000.0,0
0913,42,21,6.0,Sales,Bachelor,4.0,171.0,159000.0,0
0914,55,34,1.0,Engineering,Bachelor,3.0,181.0,153000.0,0
0915,39,11,3.0,Finance,PhD,2.0,180.0,199000.0,0
0916,42,18,4.0,Marketing,High School,3.0,174.0,91000.0,0
0917,46,21,0.0,Engineering,Master,3.0,166.0,201000.0,0
0918,41,17,2.0,Finance,Bachelor,3.0,165.0,168000.0,0
0919,35,12,2.0,Marketing,High School,4.0,182.0,101000.0,0
0920,41,17,5.0,Finance,Bachelor,4.0,178.0,201000.0,0
0921,50,22,0.0,HR,PhD,4.0,166.0,176000.0,0
0922,29,9,5.0,Engineering,Master,3.0,186.0,192000.0,0
0923,41,15,0.0,Engineering,PhD,4.0,168.0,266000.0,0
0924,32,10,2.0,HR,PhD,3.0,157.0,131000.0,1
0925,51,33,1.0,Finance,Bachelor,2.0,158.0,172000.0,0
0926,24,0,2.0,Finance,Bachelor,4.0,155.0,129000.0,0
0927,34,4,1.0,HR,Master,1.0,165.0,87000.0,0
0928,43,20,10.0,HR,Bachelor,3.0,188.0,120000.0,0
0929,55,36,11.0,Operations,Bachelor,3.0,157.0,125000.0,0
0930,39,21,1.0,Marketing,Bachelor,4.0,172.0,143000.0,0
0931,34,8,4.0,Marketing,Bachelor,4.0,160.0,122000.0,0
0932,58,37,0.0,Sales,Bachelor,3.0,166.0,130000.0,1
0933,25,1,2.0,Engineering,Bachelor,4.0,147.0,145000.0,0
0934,22,0,0.0,Marketing,Bachelor,3.0,166.0,86000.0,1
0935,44,26,5.0,Sales,Bachelor,3.0,167.0,125000.0,0
0936,34,7,4.0,Operations,Bachelor,4.0,178.0,112000.0,0
0937,29,7,1.0,Marketing,Bachelor,4.0,173.0,103000.0,0
0938,47,26,2.0,Marketing,Master,5.0,152.0,206000.0,0
0939,42,23,0.0,Sales,High School,3.0,186.0,102000.0,0
0940,34,12,6.0,Engineering,Bachelor,4.0,173.0,183000.0,0
0941,27,5,3.0,Engineering,Master,4.0,172.0,200000.0,0
0942,48,24,6.0,Sales,Bachelor,5.0,169.0,181000.0,0
0943,46,24,1.0,Engineering,Bachelor,2.0,162.0,168000.0,0
0944,39,15,1.0,Finance,Master,4.0,173.0,202000.0,0
0945,58,37,2.0,Operations,Bachelor,3.0,177.0,128000.0,0
0946,29,5,0.0,Operations,Master,3.0,143.0,105000.0,0
0947,24,3,2.0,Finance,Master,3.0,161.0,140000.0,0
0948,33,10,8.0,Engineering,Master,3.0,166.0,192000.0,0
0949,39,20,11.0,Operations,Bachelor,3.0,173.0,125000.0,1
0950,42,19,2.0,Operations,High School,4.0,187.0,105000.0,0
0951,37,9,3.0,Engineering,Bachelor,3.0,158.0,141000.0,0
0952,43,24,0.0,Finance,Bachelor,4.0,162.0,181000.0,0
0953,27,2,2.0,Sales,Bachelor,3.0,162.0,106000.0,1
0954,54,30,0.0,HR,Bachelor,2.0,157.0,98000.0,0
0955,39,15,14.0,Operations,Bachelor,3.0,164.0,121000.0,0
0956,51,33,3.0,Engineering,High School,3.0,181.0,144000.0,0
0957,43,14,2.0,Operations,Bachelor,3.0,154.0,107000.0,0
0958,44,26,12.0,Finance,Bachelor,2.0,176.0,181000.0,0
0959,45,26,0.0,Operations,Master,3.0,144.0,136000.0,0
0960,44,22,4.0,Marketing,High School,3.0,161.0,101000.0,0
0961,46,23,3.0,HR,Bachelor,3.0,165.0,121000.0,0
0962,53,31,1.0,Engineering,PhD,3.0,195.0,251000.0,0
0963,41,20,2.0,Sales,Bachelor,2.0,165.0,125000.0,0
0964,47,26,2.0,Engineering,Bachelor,5.0,140.0,242000.0,0
0965,39,18,6.0,Operations,High School,4.0,140.0,104000.0,0
0966,54,32,0.0,HR,Master,4.0,170.0,154000.0,0
0967,33,10,10.0,Operations,Bachelor,3.0,179.0,101000.0,1
0968,58,35,0.0,Operations,Bachelor,4.0,175.0,142000.0,0
0969,39,16,1.0,Engineering,Bachelor,3.0,172.0,155000.0,1
0970,25,6,1.0,Sales,Master,4.0,187.0,153000.0,0
0971,41,20,0.0,Engineering,Bachelor,2.0,161.0,158000.0,0
0972,33,2,0.0,Engineering,High School,4.0,183.0,106000.0,0
0973,48,27,21.0,Engineering,Master,4.0,145.0,282000.0,0
0974,33,11,1.0,Marketing,Bachelor,3.0,156.0,110000.0,0
0975,35,12,0.0,Sales,Master,4.0,142.0,165000.0,0
0976,22,0,0.0,Engineering,Bachelor,3.0,165.0,104000.0,1
0977,35,16,6.0,Engineering,Master,3.0,169.0,215000.0,0
0978,22,2,2.0,Engineering,Bachelor,1.0,171.0,104000.0,0
0979,24,0,0.0,Operations,Master,4.0,170.0,117000.0,0
0980,47,26,0.0,HR,PhD,2.0,156.0,161000.0,0
0981,47,22,1.0,Operations,Bachelor,3.0,170.0,111000.0,0
0982,44,17,0.0,Sales,Bachelor,3.0,147.0,130000.0,0
0983,30,6,0.0,Sales,Bachelor,3.0,190.0,106000.0,0
0984,39,19,2.0,HR,Bachelor,2.0,165.0,98000.0,0
0985,39,19,1.0,Sales,Bachelor,4.0,162.0,159000.0,0
0986,28,7,3.0,Sales,Bachelor,4.0,193.0,126000.0,0
0987,55,35,2.0,Engineering,Bachelor,2.0,151.0,153000.0,0
0988,48,27,14.0,Engineering,Bachelor,2.0,153.0,176000.0,0
0989,37,13,11.0,Sales,Bachelor,2.0,153.0,126000.0,0
0990,40,19,4.0,Sales,Master,4.0,168.0,187000.0,0
0991,42,22,2.0,Finance,High School,3.0,176.0,134000.0,0
0992,22,2,2.0,Engineering,High School,3.0,181.0,96000.0,0
0993,37,18,2.0,Engineering,Bachelor,2.0,208.0,158000.0,0
0994,33,13,6.0,HR,Bachelor,4.0,140.0,124000.0,0
0995,29,8,3.0,Engineering,Bachelor,3.0,179.0,182000.0,1
0996,37,18,9.0,Sales,Bachelor,4.0,161.0,159000.0,0
0997,57,34,14.0,Operations,Bachelor,4.0,161.0,157000.0,0
0998,46,21,2.0,Engineering,Master,2.0,160.0,194000.0,0
0999,34,11,4.0,Engineering,High School,2.0,156.0,112000.0,0
1000,45,20,0.0,Marketing,Master,1.0,195.0,128000.0,0
